lat,lng,sla_bucket,orders_window,orders_per_day
12.915,77.64,QuickDelivery,840,9.333
12.9,77.64,QuickDelivery,766,8.511
12.93,77.61,QuickDelivery,675,7.5
12.915,77.61,QuickDelivery,610,6.778
12.93,77.625,QuickDelivery,593,6.589
12.9,77.565,NonQuickDelivery,525,5.833
12.96,77.58,NonQuickDelivery,511,5.678
12.945,77.625,QuickDelivery,468,5.2
12.96,77.595,NonQuickDelivery,437,4.856
12.9,77.655,QuickDelivery,436,4.844
12.96,77.715,NonQuickDelivery,427,4.744
12.915,77.625,QuickDelivery,407,4.522
12.93,77.67,QuickDelivery,403,4.478
12.975,77.58,NonQuickDelivery,394,4.378
12.915,77.655,QuickDelivery,383,4.256
13.005,77.565,NonQuickDelivery,380,4.222
12.975,77.64,NonQuickDelivery,378,4.2
12.9,77.625,NonQuickDelivery,332,3.689
12.945,77.595,NonQuickDelivery,310,3.444
12.96,77.565,NonQuickDelivery,295,3.278
12.885,77.64,QuickDelivery,295,3.278
12.96,77.55,NonQuickDelivery,294,3.267
12.975,77.625,NonQuickDelivery,289,3.211
12.9,77.61,QuickDelivery,286,3.178
13.035,77.61,NonQuickDelivery,270,3.0
12.93,77.64,NonQuickDelivery,265,2.944
13.035,77.595,NonQuickDelivery,263,2.922
12.9,77.67,QuickDelivery,263,2.922
12.975,77.55,NonQuickDelivery,262,2.911
12.945,77.715,NonQuickDelivery,260,2.889
12.915,77.67,QuickDelivery,258,2.867
12.975,77.565,NonQuickDelivery,257,2.856
12.96,77.655,NonQuickDelivery,257,2.856
12.945,77.565,NonQuickDelivery,255,2.833
12.945,77.7,NonQuickDelivery,255,2.833
13.02,77.595,NonQuickDelivery,252,2.8
13.005,77.55,NonQuickDelivery,251,2.789
12.99,77.685,NonQuickDelivery,250,2.778
12.9,77.595,QuickDelivery,245,2.722
12.96,77.64,NonQuickDelivery,239,2.656
12.945,77.58,NonQuickDelivery,238,2.644
12.99,77.58,NonQuickDelivery,235,2.611
12.99,77.61,NonQuickDelivery,230,2.556
13.035,77.565,NonQuickDelivery,229,2.544
12.96,77.7,NonQuickDelivery,225,2.5
12.93,77.7,NonQuickDelivery,221,2.456
13.005,77.58,NonQuickDelivery,219,2.433
13.02,77.55,NonQuickDelivery,211,2.344
12.99,77.595,NonQuickDelivery,208,2.311
12.975,77.595,NonQuickDelivery,207,2.3
12.99,77.715,NonQuickDelivery,206,2.289
12.915,77.595,QuickDelivery,202,2.244
13.035,77.64,NonQuickDelivery,201,2.233
12.99,77.55,NonQuickDelivery,200,2.222
12.975,77.61,NonQuickDelivery,198,2.2
12.885,77.655,QuickDelivery,196,2.178
13.02,77.625,NonQuickDelivery,191,2.122
12.975,77.745,NonQuickDelivery,190,2.111
12.93,77.685,QuickDelivery,186,2.067
12.93,77.595,QuickDelivery,183,2.033
12.99,77.565,NonQuickDelivery,183,2.033
12.96,77.535,NonQuickDelivery,179,1.989
12.885,77.61,QuickDelivery,179,1.989
12.915,77.685,QuickDelivery,178,1.978
13.02,77.64,NonQuickDelivery,178,1.978
13.005,77.625,NonQuickDelivery,178,1.978
12.93,77.535,NonQuickDelivery,177,1.967
12.885,77.595,QuickDelivery,176,1.956
12.975,77.7,NonQuickDelivery,175,1.944
12.885,77.625,QuickDelivery,175,1.944
12.96,77.61,NonQuickDelivery,174,1.933
12.945,77.61,QuickDelivery,167,1.856
12.9,77.58,NonQuickDelivery,166,1.844
13.02,77.61,NonQuickDelivery,166,1.844
12.93,77.55,NonQuickDelivery,166,1.844
12.915,77.55,NonQuickDelivery,166,1.844
13.035,77.625,NonQuickDelivery,165,1.833
12.99,77.67,NonQuickDelivery,165,1.833
12.9,77.685,QuickDelivery,160,1.778
12.93,77.565,NonQuickDelivery,156,1.733
12.945,77.55,NonQuickDelivery,153,1.7
12.93,77.58,NonQuickDelivery,153,1.7
12.99,77.7,NonQuickDelivery,151,1.678
12.84,77.655,NonQuickDelivery,148,1.644
12.885,77.67,NonQuickDelivery,148,1.644
12.975,77.685,NonQuickDelivery,147,1.633
12.915,77.58,NonQuickDelivery,144,1.6
12.975,77.655,NonQuickDelivery,141,1.567
13.005,77.7,NonQuickDelivery,140,1.556
12.96,77.745,NonQuickDelivery,140,1.556
12.975,77.715,NonQuickDelivery,140,1.556
13.02,77.565,NonQuickDelivery,137,1.522
13.02,77.655,NonQuickDelivery,137,1.522
12.915,77.565,NonQuickDelivery,136,1.511
12.9,77.7,NonQuickDelivery,134,1.489
13.005,77.535,NonQuickDelivery,134,1.489
12.975,77.67,NonQuickDelivery,131,1.456
12.975,77.76,NonQuickDelivery,128,1.422
12.975,77.535,NonQuickDelivery,128,1.422
13.02,77.58,NonQuickDelivery,127,1.411
13.065,77.595,NonQuickDelivery,126,1.4
12.855,77.67,NonQuickDelivery,126,1.4
12.96,77.52,NonQuickDelivery,126,1.4
12.99,77.535,NonQuickDelivery,120,1.333
13.035,77.55,NonQuickDelivery,119,1.322
13.02,77.715,NonQuickDelivery,115,1.278
13.005,77.61,NonQuickDelivery,114,1.267
12.975,77.73,NonQuickDelivery,110,1.222
13.02,77.535,NonQuickDelivery,109,1.211
12.945,77.52,NonQuickDelivery,108,1.2
13.005,77.64,NonQuickDelivery,107,1.189
13.02,77.67,NonQuickDelivery,105,1.167
13.005,77.595,NonQuickDelivery,103,1.144
13.035,77.655,NonQuickDelivery,102,1.133
12.975,77.52,NonQuickDelivery,101,1.122
13.035,77.58,NonQuickDelivery,101,1.122
12.87,77.61,NonQuickDelivery,101,1.122
12.945,77.535,NonQuickDelivery,101,1.122
12.99,77.625,NonQuickDelivery,96,1.067
13.05,77.61,NonQuickDelivery,96,1.067
12.93,77.745,NonQuickDelivery,95,1.056
13.05,77.595,NonQuickDelivery,94,1.044
12.87,77.655,QuickDelivery,94,1.044
13.02,77.7,NonQuickDelivery,92,1.022
13.02,77.685,NonQuickDelivery,91,1.011
13.005,77.67,NonQuickDelivery,89,0.989
12.885,77.58,NonQuickDelivery,89,0.989
12.99,77.73,NonQuickDelivery,89,0.989
12.96,77.73,NonQuickDelivery,88,0.978
13.095,77.58,NonQuickDelivery,88,0.978
12.885,77.55,NonQuickDelivery,88,0.978
12.87,77.58,NonQuickDelivery,86,0.956
12.915,77.7,QuickDelivery,85,0.944
12.99,77.745,NonQuickDelivery,84,0.933
13.005,77.655,NonQuickDelivery,83,0.922
13.035,77.67,NonQuickDelivery,82,0.911
13.05,77.58,NonQuickDelivery,82,0.911
12.975,77.505,NonQuickDelivery,80,0.889
13.05,77.64,NonQuickDelivery,80,0.889
12.915,77.535,NonQuickDelivery,80,0.889
12.87,77.595,NonQuickDelivery,77,0.856
12.915,77.505,NonQuickDelivery,75,0.833
13.065,77.58,NonQuickDelivery,75,0.833
12.945,77.685,NonQuickDelivery,75,0.833
12.9,77.535,NonQuickDelivery,75,0.833
12.84,77.64,NonQuickDelivery,75,0.833
12.855,77.655,NonQuickDelivery,74,0.822
13.005,77.715,NonQuickDelivery,74,0.822
12.99,77.76,NonQuickDelivery,74,0.822
13.005,77.52,NonQuickDelivery,71,0.789
13.05,77.625,NonQuickDelivery,71,0.789
12.87,77.67,QuickDelivery,71,0.789
12.96,77.625,NonQuickDelivery,68,0.756
12.9,77.52,NonQuickDelivery,68,0.756
13.065,77.61,NonQuickDelivery,67,0.744
13.035,77.685,NonQuickDelivery,66,0.733
13.05,77.505,NonQuickDelivery,66,0.733
12.99,77.64,NonQuickDelivery,65,0.722
12.87,77.64,QuickDelivery,63,0.7
12.855,77.685,NonQuickDelivery,63,0.7
12.9,77.715,NonQuickDelivery,62,0.689
12.825,77.655,NonQuickDelivery,62,0.689
13.065,77.565,NonQuickDelivery,62,0.689
12.885,77.565,NonQuickDelivery,62,0.689
12.915,77.52,NonQuickDelivery,61,0.678
12.855,77.58,NonQuickDelivery,60,0.667
12.93,77.73,NonQuickDelivery,60,0.667
13.005,77.745,NonQuickDelivery,57,0.633
12.84,77.67,NonQuickDelivery,57,0.633
12.855,77.595,NonQuickDelivery,57,0.633
12.99,77.655,NonQuickDelivery,56,0.622
12.825,77.67,NonQuickDelivery,56,0.622
12.93,77.49,NonQuickDelivery,55,0.611
12.99,77.49,NonQuickDelivery,55,0.611
13.05,77.49,NonQuickDelivery,54,0.6
12.87,77.55,NonQuickDelivery,53,0.589
12.9,77.55,NonQuickDelivery,53,0.589
12.87,77.535,NonQuickDelivery,53,0.589
13.05,77.565,NonQuickDelivery,53,0.589
12.96,77.505,NonQuickDelivery,52,0.578
13.035,77.7,NonQuickDelivery,52,0.578
12.87,77.625,NonQuickDelivery,51,0.567
12.99,77.52,NonQuickDelivery,49,0.544
13.005,77.685,NonQuickDelivery,48,0.533
13.02,77.52,NonQuickDelivery,47,0.522
12.93,77.505,NonQuickDelivery,47,0.522
12.945,77.49,NonQuickDelivery,46,0.511
13.035,77.715,NonQuickDelivery,46,0.511
13.035,77.505,NonQuickDelivery,46,0.511
12.93,77.655,NonQuickDelivery,44,0.489
12.84,77.685,NonQuickDelivery,44,0.489
12.93,77.52,NonQuickDelivery,44,0.489
12.825,77.685,NonQuickDelivery,43,0.478
13.065,77.625,NonQuickDelivery,43,0.478
12.945,77.73,NonQuickDelivery,42,0.467
13.005,77.505,NonQuickDelivery,42,0.467
12.96,77.685,NonQuickDelivery,41,0.456
12.945,77.745,NonQuickDelivery,39,0.433
12.96,77.49,NonQuickDelivery,39,0.433
13.035,77.52,NonQuickDelivery,37,0.411
13.095,77.595,NonQuickDelivery,37,0.411
12.96,77.67,NonQuickDelivery,36,0.4
13.005,77.49,NonQuickDelivery,34,0.378
12.975,77.49,NonQuickDelivery,34,0.378
12.915,77.49,NonQuickDelivery,34,0.378
13.005,77.73,NonQuickDelivery,33,0.367
12.99,77.505,NonQuickDelivery,31,0.344
12.885,77.685,NonQuickDelivery,30,0.333
12.93,77.715,NonQuickDelivery,29,0.322
12.87,77.565,NonQuickDelivery,28,0.311
13.05,77.52,NonQuickDelivery,28,0.311
12.855,77.61,NonQuickDelivery,28,0.311
13.11,77.58,NonQuickDelivery,26,0.289
12.885,77.535,NonQuickDelivery,26,0.289
12.915,77.715,NonQuickDelivery,25,0.278
12.855,77.535,NonQuickDelivery,25,0.278
12.96,77.76,NonQuickDelivery,25,0.278
13.035,77.49,NonQuickDelivery,23,0.256
12.915,77.73,NonQuickDelivery,23,0.256
13.08,77.61,NonQuickDelivery,22,0.244
13.08,77.58,NonQuickDelivery,21,0.233
13.095,77.565,NonQuickDelivery,21,0.233
12.945,77.67,NonQuickDelivery,21,0.233
12.945,77.505,NonQuickDelivery,20,0.222
13.08,77.565,NonQuickDelivery,20,0.222
13.08,77.595,NonQuickDelivery,20,0.222
12.945,77.475,NonQuickDelivery,19,0.211
12.9,77.505,NonQuickDelivery,19,0.211
13.035,77.535,NonQuickDelivery,19,0.211
12.87,77.685,NonQuickDelivery,18,0.2
12.975,77.475,NonQuickDelivery,18,0.2
12.945,77.655,NonQuickDelivery,17,0.189
12.915,77.475,NonQuickDelivery,17,0.189
13.02,77.49,NonQuickDelivery,16,0.178
12.99,77.475,NonQuickDelivery,16,0.178
12.945,77.64,NonQuickDelivery,15,0.167
12.855,77.64,NonQuickDelivery,14,0.156
12.855,77.565,NonQuickDelivery,14,0.156
12.87,77.52,NonQuickDelivery,13,0.144
12.96,77.475,NonQuickDelivery,13,0.144
13.05,77.715,NonQuickDelivery,13,0.144
13.02,77.73,NonQuickDelivery,13,0.144
13.02,77.505,NonQuickDelivery,12,0.133
12.84,77.7,NonQuickDelivery,12,0.133
12.84,77.625,NonQuickDelivery,11,0.122
12.945,77.76,NonQuickDelivery,11,0.122
12.81,77.67,NonQuickDelivery,10,0.111
13.005,77.76,NonQuickDelivery,7,0.078
12.885,77.52,NonQuickDelivery,7,0.078
12.93,77.475,NonQuickDelivery,6,0.067
12.81,77.685,NonQuickDelivery,5,0.056
12.825,77.7,NonQuickDelivery,5,0.056
