month,lat,lng,sla_bucket,orders
2026-03,12.96,77.58,NonQuickDelivery,336
2026-03,12.915,77.64,QuickDelivery,290
2026-03,12.9,77.64,QuickDelivery,290
2026-03,12.93,77.61,QuickDelivery,281
2026-03,12.96,77.595,NonQuickDelivery,280
2026-03,12.975,77.58,NonQuickDelivery,259
2026-03,12.915,77.61,QuickDelivery,239
2026-03,13.005,77.565,NonQuickDelivery,230
2026-03,12.96,77.55,NonQuickDelivery,216
2026-03,12.945,77.595,NonQuickDelivery,207
2026-03,12.975,77.64,NonQuickDelivery,195
2026-03,12.945,77.625,QuickDelivery,180
2026-03,12.975,77.55,NonQuickDelivery,180
2026-03,12.96,77.565,NonQuickDelivery,179
2026-03,12.96,77.715,NonQuickDelivery,169
2026-03,13.005,77.55,NonQuickDelivery,168
2026-03,12.9,77.655,QuickDelivery,167
2026-03,13.005,77.58,NonQuickDelivery,156
2026-03,13.02,77.595,NonQuickDelivery,156
2026-03,12.945,77.58,NonQuickDelivery,154
2026-03,12.975,77.565,NonQuickDelivery,148
2026-03,12.99,77.61,NonQuickDelivery,147
2026-03,12.945,77.565,NonQuickDelivery,143
2026-03,12.93,77.67,QuickDelivery,138
2026-03,12.975,77.625,NonQuickDelivery,135
2026-03,12.915,77.625,QuickDelivery,134
2026-03,12.975,77.595,NonQuickDelivery,133
2026-03,13.02,77.55,NonQuickDelivery,131
2026-03,12.93,77.625,QuickDelivery,130
2026-03,12.99,77.58,NonQuickDelivery,125
2026-03,12.975,77.61,NonQuickDelivery,124
2026-03,13.035,77.595,NonQuickDelivery,123
2026-03,12.9,77.625,QuickDelivery,122
2026-03,12.99,77.595,NonQuickDelivery,121
2026-03,12.915,77.67,QuickDelivery,119
2026-03,12.99,77.55,NonQuickDelivery,114
2026-03,13.035,77.64,NonQuickDelivery,112
2026-03,12.96,77.64,NonQuickDelivery,109
2026-03,12.9,77.61,QuickDelivery,108
2026-03,12.96,77.61,NonQuickDelivery,105
2026-03,12.945,77.7,NonQuickDelivery,104
2026-03,12.945,77.715,NonQuickDelivery,104
2026-03,12.93,77.7,QuickDelivery,103
2026-03,12.915,77.655,QuickDelivery,101
2026-03,12.96,77.655,NonQuickDelivery,99
2026-03,13.035,77.565,NonQuickDelivery,99
2026-03,12.885,77.64,QuickDelivery,99
2026-03,13.005,77.625,NonQuickDelivery,98
2026-03,12.93,77.595,QuickDelivery,95
2026-03,12.99,77.685,NonQuickDelivery,92
2026-03,12.9,77.67,QuickDelivery,91
2026-03,12.99,77.565,NonQuickDelivery,91
2026-03,12.93,77.565,NonQuickDelivery,90
2026-03,12.9,77.595,QuickDelivery,90
2026-03,13.035,77.61,NonQuickDelivery,88
2026-03,13.035,77.55,NonQuickDelivery,85
2026-03,12.915,77.595,QuickDelivery,81
2026-03,12.96,77.535,NonQuickDelivery,79
2026-03,12.885,77.595,QuickDelivery,79
2026-03,12.915,77.685,QuickDelivery,77
2026-03,12.99,77.7,NonQuickDelivery,76
2026-03,12.99,77.535,NonQuickDelivery,76
2026-03,12.915,77.55,NonQuickDelivery,76
2026-03,12.96,77.7,NonQuickDelivery,76
2026-03,12.93,77.685,QuickDelivery,75
2026-03,13.02,77.64,NonQuickDelivery,73
2026-03,12.975,77.535,NonQuickDelivery,72
2026-03,13.02,77.61,NonQuickDelivery,72
2026-03,13.005,77.61,NonQuickDelivery,72
2026-03,13.02,77.58,NonQuickDelivery,70
2026-03,12.99,77.625,NonQuickDelivery,69
2026-03,12.915,77.565,NonQuickDelivery,68
2026-03,13.035,77.625,NonQuickDelivery,67
2026-03,13.02,77.625,NonQuickDelivery,67
2026-03,12.885,77.625,QuickDelivery,66
2026-03,12.975,77.7,NonQuickDelivery,65
2026-03,12.9,77.58,NonQuickDelivery,65
2026-03,12.945,77.55,NonQuickDelivery,65
2026-03,12.945,77.61,NonQuickDelivery,64
2026-03,12.93,77.64,QuickDelivery,64
2026-03,12.915,77.58,NonQuickDelivery,64
2026-03,13.005,77.595,NonQuickDelivery,63
2026-03,12.975,77.685,NonQuickDelivery,63
2026-03,12.93,77.58,QuickDelivery,62
2026-03,13.02,77.565,NonQuickDelivery,62
2026-03,13.005,77.7,NonQuickDelivery,62
2026-03,12.99,77.67,NonQuickDelivery,61
2026-03,12.975,77.745,NonQuickDelivery,61
2026-03,13.005,77.535,NonQuickDelivery,61
2026-03,12.96,77.52,NonQuickDelivery,61
2026-03,12.84,77.655,NonQuickDelivery,59
2026-03,12.93,77.55,NonQuickDelivery,58
2026-03,12.9,77.565,NonQuickDelivery,57
2026-03,12.945,77.52,NonQuickDelivery,57
2026-03,12.885,77.67,QuickDelivery,56
2026-03,12.9,77.7,QuickDelivery,56
2026-03,12.975,77.655,NonQuickDelivery,55
2026-03,12.885,77.655,QuickDelivery,55
2026-03,12.99,77.715,NonQuickDelivery,55
2026-03,12.9,77.685,QuickDelivery,55
2026-03,13.005,77.64,NonQuickDelivery,54
2026-03,12.975,77.67,NonQuickDelivery,53
2026-03,12.99,77.76,NonQuickDelivery,52
2026-03,12.885,77.61,QuickDelivery,52
2026-03,12.975,77.52,NonQuickDelivery,51
2026-03,13.02,77.655,NonQuickDelivery,50
2026-03,12.855,77.67,NonQuickDelivery,50
2026-03,12.975,77.76,NonQuickDelivery,48
2026-03,13.02,77.535,NonQuickDelivery,48
2026-03,12.93,77.745,NonQuickDelivery,46
2026-03,13.02,77.715,NonQuickDelivery,46
2026-03,12.975,77.715,NonQuickDelivery,46
2026-03,13.02,77.7,NonQuickDelivery,45
2026-03,13.005,77.67,NonQuickDelivery,43
2026-03,13.005,77.655,NonQuickDelivery,43
2026-03,13.035,77.655,NonQuickDelivery,42
2026-03,13.05,77.595,NonQuickDelivery,41
2026-03,13.05,77.61,NonQuickDelivery,41
2026-03,12.975,77.73,NonQuickDelivery,40
2026-03,12.96,77.625,NonQuickDelivery,40
2026-03,12.87,77.61,QuickDelivery,40
2026-03,12.96,77.73,NonQuickDelivery,40
2026-03,12.885,77.58,NonQuickDelivery,40
2026-03,12.945,77.535,NonQuickDelivery,39
2026-03,12.87,77.58,NonQuickDelivery,39
2026-03,13.035,77.58,NonQuickDelivery,39
2026-03,13.065,77.595,NonQuickDelivery,39
2026-03,12.945,77.685,NonQuickDelivery,37
2026-03,13.02,77.67,NonQuickDelivery,37
2026-03,12.99,77.73,NonQuickDelivery,36
2026-03,12.915,77.7,QuickDelivery,36
2026-03,12.915,77.505,NonQuickDelivery,35
2026-03,12.975,77.505,NonQuickDelivery,34
2026-03,12.87,77.595,NonQuickDelivery,34
2026-03,13.005,77.52,NonQuickDelivery,34
2026-03,12.87,77.67,QuickDelivery,33
2026-03,12.99,77.64,NonQuickDelivery,33
2026-03,13.05,77.505,NonQuickDelivery,33
2026-03,13.035,77.67,NonQuickDelivery,33
2026-03,12.99,77.745,NonQuickDelivery,32
2026-03,13.05,77.64,NonQuickDelivery,32
2026-03,12.96,77.745,NonQuickDelivery,32
2026-03,13.005,77.715,NonQuickDelivery,32
2026-03,12.87,77.655,QuickDelivery,31
2026-03,13.02,77.52,NonQuickDelivery,31
2026-03,12.9,77.535,NonQuickDelivery,31
2026-03,13.005,77.685,NonQuickDelivery,30
2026-03,13.02,77.685,NonQuickDelivery,29
2026-03,12.885,77.565,NonQuickDelivery,29
2026-03,12.93,77.535,NonQuickDelivery,29
2026-03,12.96,77.505,NonQuickDelivery,29
2026-03,12.84,77.64,NonQuickDelivery,29
2026-03,12.855,77.655,NonQuickDelivery,28
2026-03,12.87,77.64,QuickDelivery,28
2026-03,13.095,77.58,NonQuickDelivery,27
2026-03,12.9,77.715,NonQuickDelivery,26
2026-03,12.855,77.685,NonQuickDelivery,26
2026-03,12.915,77.52,NonQuickDelivery,26
2026-03,13.05,77.565,NonQuickDelivery,26
2026-03,13.05,77.625,NonQuickDelivery,26
2026-03,12.885,77.55,NonQuickDelivery,25
2026-03,12.99,77.655,NonQuickDelivery,25
2026-03,13.065,77.565,NonQuickDelivery,24
2026-03,13.065,77.61,NonQuickDelivery,24
2026-03,13.035,77.505,NonQuickDelivery,23
2026-03,13.035,77.685,NonQuickDelivery,23
2026-03,12.915,77.535,NonQuickDelivery,23
2026-03,13.065,77.58,NonQuickDelivery,22
2026-03,12.93,77.49,NonQuickDelivery,22
2026-03,13.035,77.52,NonQuickDelivery,22
2026-03,12.84,77.67,NonQuickDelivery,22
2026-03,13.05,77.58,NonQuickDelivery,22
2026-03,12.855,77.58,NonQuickDelivery,21
2026-03,13.035,77.7,NonQuickDelivery,21
2026-03,12.93,77.73,NonQuickDelivery,21
2026-03,12.96,77.49,NonQuickDelivery,20
2026-03,12.9,77.52,NonQuickDelivery,20
2026-03,12.855,77.595,NonQuickDelivery,20
2026-03,12.84,77.685,NonQuickDelivery,20
2026-03,12.87,77.625,QuickDelivery,20
2026-03,12.87,77.535,NonQuickDelivery,19
2026-03,13.065,77.625,NonQuickDelivery,19
2026-03,12.87,77.55,NonQuickDelivery,19
2026-03,12.825,77.655,NonQuickDelivery,18
2026-03,12.93,77.52,NonQuickDelivery,18
2026-03,13.05,77.49,NonQuickDelivery,17
2026-03,12.945,77.745,NonQuickDelivery,17
2026-03,12.915,77.49,NonQuickDelivery,17
2026-03,13.035,77.715,NonQuickDelivery,17
2026-03,12.825,77.67,NonQuickDelivery,17
2026-03,12.93,77.505,NonQuickDelivery,16
2026-03,12.9,77.55,NonQuickDelivery,16
2026-03,12.99,77.49,NonQuickDelivery,16
2026-03,12.93,77.655,QuickDelivery,16
2026-03,12.96,77.685,NonQuickDelivery,15
2026-03,13.05,77.52,NonQuickDelivery,15
2026-03,13.005,77.745,NonQuickDelivery,14
2026-03,13.095,77.595,NonQuickDelivery,14
2026-03,12.945,77.49,NonQuickDelivery,14
2026-03,12.975,77.49,NonQuickDelivery,14
2026-03,13.005,77.73,NonQuickDelivery,13
2026-03,12.87,77.565,NonQuickDelivery,13
2026-03,12.975,77.475,NonQuickDelivery,13
2026-03,13.005,77.505,NonQuickDelivery,13
2026-03,12.93,77.715,NonQuickDelivery,12
2026-03,12.96,77.76,NonQuickDelivery,12
2026-03,12.96,77.67,NonQuickDelivery,11
2026-03,12.915,77.715,NonQuickDelivery,11
2026-03,12.99,77.52,NonQuickDelivery,11
2026-03,12.825,77.685,NonQuickDelivery,11
2026-03,13.005,77.49,NonQuickDelivery,10
2026-03,13.035,77.535,NonQuickDelivery,10
2026-03,12.99,77.505,NonQuickDelivery,10
2026-03,12.885,77.685,QuickDelivery,10
2026-03,13.02,77.49,NonQuickDelivery,9
2026-03,12.945,77.73,NonQuickDelivery,9
2026-03,12.855,77.535,NonQuickDelivery,9
2026-03,12.945,77.505,NonQuickDelivery,9
2026-03,12.885,77.535,NonQuickDelivery,9
2026-03,12.99,77.475,NonQuickDelivery,8
2026-03,12.855,77.61,NonQuickDelivery,8
2026-03,12.855,77.565,NonQuickDelivery,8
2026-03,13.035,77.49,NonQuickDelivery,8
2026-03,12.915,77.475,NonQuickDelivery,8
2026-03,12.9,77.505,NonQuickDelivery,7
2026-03,13.08,77.61,NonQuickDelivery,6
2026-03,13.095,77.565,NonQuickDelivery,6
2026-03,12.945,77.475,NonQuickDelivery,6
2026-03,12.945,77.655,NonQuickDelivery,6
2026-03,12.96,77.475,NonQuickDelivery,6
2026-03,12.87,77.52,NonQuickDelivery,6
2026-03,13.08,77.58,NonQuickDelivery,5
2026-03,12.93,77.475,NonQuickDelivery,5
2026-03,12.84,77.7,NonQuickDelivery,5
2026-03,13.08,77.595,NonQuickDelivery,5
2026-03,13.02,77.73,NonQuickDelivery,5
2026-03,12.945,77.67,NonQuickDelivery,5
2026-03,12.945,77.76,NonQuickDelivery,5
2026-03,12.855,77.64,NonQuickDelivery,5
2026-03,13.11,77.58,NonQuickDelivery,4
2026-03,12.81,77.685,NonQuickDelivery,4
2026-03,12.87,77.685,NonQuickDelivery,4
2026-03,13.08,77.565,NonQuickDelivery,4
2026-03,12.915,77.73,NonQuickDelivery,4
2026-03,12.84,77.625,NonQuickDelivery,3
2026-03,12.81,77.67,NonQuickDelivery,3
2026-03,12.825,77.7,NonQuickDelivery,3
2026-04,12.915,77.64,QuickDelivery,366
2026-04,12.9,77.64,QuickDelivery,279
2026-04,12.915,77.61,QuickDelivery,259
2026-04,12.93,77.61,QuickDelivery,242
2026-04,12.945,77.625,QuickDelivery,180
2026-04,12.96,77.715,NonQuickDelivery,177
2026-04,12.93,77.625,QuickDelivery,176
2026-04,12.93,77.67,QuickDelivery,174
2026-04,12.915,77.625,QuickDelivery,167
2026-04,12.93,77.64,QuickDelivery,147
2026-04,12.96,77.58,NonQuickDelivery,143
2026-04,12.915,77.655,QuickDelivery,140
2026-04,12.975,77.64,NonQuickDelivery,138
2026-04,12.9,77.625,QuickDelivery,137
2026-04,13.005,77.565,NonQuickDelivery,132
2026-04,13.035,77.61,NonQuickDelivery,129
2026-04,12.93,77.535,NonQuickDelivery,128
2026-04,12.9,77.655,QuickDelivery,128
2026-04,12.975,77.625,NonQuickDelivery,120
2026-04,12.99,77.685,NonQuickDelivery,118
2026-04,13.035,77.595,NonQuickDelivery,117
2026-04,12.885,77.64,QuickDelivery,113
2026-04,12.945,77.7,QuickDelivery,107
2026-04,12.9,77.61,QuickDelivery,106
2026-04,12.975,77.58,NonQuickDelivery,105
2026-04,12.96,77.655,NonQuickDelivery,103
2026-04,12.9,77.595,QuickDelivery,103
2026-04,12.96,77.7,NonQuickDelivery,101
2026-04,12.96,77.595,NonQuickDelivery,98
2026-04,12.99,77.58,NonQuickDelivery,98
2026-04,12.96,77.565,NonQuickDelivery,96
2026-04,12.9,77.67,QuickDelivery,95
2026-04,12.96,77.64,NonQuickDelivery,93
2026-04,13.035,77.565,NonQuickDelivery,93
2026-04,12.945,77.715,NonQuickDelivery,92
2026-04,12.975,77.565,NonQuickDelivery,89
2026-04,12.96,77.535,NonQuickDelivery,87
2026-04,12.93,77.55,NonQuickDelivery,86
2026-04,12.99,77.67,NonQuickDelivery,82
2026-04,12.915,77.595,QuickDelivery,82
2026-04,12.915,77.67,QuickDelivery,81
2026-04,12.945,77.565,NonQuickDelivery,80
2026-04,13.02,77.625,NonQuickDelivery,79
2026-04,13.02,77.64,NonQuickDelivery,78
2026-04,12.93,77.7,QuickDelivery,78
2026-04,12.915,77.55,NonQuickDelivery,78
2026-04,12.975,77.745,NonQuickDelivery,77
2026-04,12.885,77.625,QuickDelivery,76
2026-04,13.02,77.61,NonQuickDelivery,75
2026-04,12.99,77.565,NonQuickDelivery,75
2026-04,12.945,77.595,NonQuickDelivery,72
2026-04,12.93,77.685,QuickDelivery,71
2026-04,12.945,77.55,NonQuickDelivery,71
2026-04,13.02,77.595,NonQuickDelivery,70
2026-04,12.9,77.58,QuickDelivery,69
2026-04,12.885,77.595,QuickDelivery,69
2026-04,13.005,77.625,NonQuickDelivery,69
2026-04,12.975,77.595,NonQuickDelivery,68
2026-04,13.02,77.565,NonQuickDelivery,67
2026-04,12.93,77.58,NonQuickDelivery,67
2026-04,12.975,77.55,NonQuickDelivery,67
2026-04,12.84,77.655,NonQuickDelivery,66
2026-04,12.915,77.685,QuickDelivery,66
2026-04,12.99,77.595,NonQuickDelivery,66
2026-04,12.99,77.55,NonQuickDelivery,65
2026-04,12.975,77.655,NonQuickDelivery,65
2026-04,12.99,77.61,NonQuickDelivery,63
2026-04,12.885,77.655,QuickDelivery,63
2026-04,12.9,77.685,QuickDelivery,62
2026-04,13.035,77.625,NonQuickDelivery,61
2026-04,12.975,77.61,NonQuickDelivery,61
2026-04,12.975,77.67,NonQuickDelivery,61
2026-04,12.945,77.58,NonQuickDelivery,60
2026-04,12.945,77.61,NonQuickDelivery,60
2026-04,12.96,77.55,NonQuickDelivery,60
2026-04,12.885,77.61,QuickDelivery,60
2026-04,12.975,77.685,NonQuickDelivery,60
2026-04,13.005,77.55,NonQuickDelivery,59
2026-04,12.96,77.61,NonQuickDelivery,59
2026-04,12.96,77.52,NonQuickDelivery,58
2026-04,13.02,77.55,NonQuickDelivery,57
2026-04,12.885,77.67,QuickDelivery,56
2026-04,13.065,77.595,NonQuickDelivery,55
2026-04,13.005,77.58,NonQuickDelivery,55
2026-04,12.93,77.595,QuickDelivery,55
2026-04,13.005,77.535,NonQuickDelivery,55
2026-04,12.915,77.565,NonQuickDelivery,55
2026-04,12.99,77.7,NonQuickDelivery,53
2026-04,12.975,77.7,NonQuickDelivery,53
2026-04,13.02,77.655,NonQuickDelivery,53
2026-04,12.885,77.55,NonQuickDelivery,53
2026-04,12.99,77.715,NonQuickDelivery,53
2026-04,12.915,77.535,NonQuickDelivery,52
2026-04,12.975,77.73,NonQuickDelivery,51
2026-04,12.93,77.565,NonQuickDelivery,51
2026-04,12.975,77.76,NonQuickDelivery,50
2026-04,13.035,77.58,NonQuickDelivery,50
2026-04,12.9,77.7,QuickDelivery,50
2026-04,13.02,77.685,NonQuickDelivery,49
2026-04,13.02,77.58,NonQuickDelivery,49
2026-04,13.095,77.58,NonQuickDelivery,48
2026-04,12.915,77.58,QuickDelivery,48
2026-04,12.9,77.565,NonQuickDelivery,46
2026-04,12.945,77.52,NonQuickDelivery,46
2026-04,12.945,77.535,NonQuickDelivery,45
2026-04,12.975,77.52,NonQuickDelivery,45
2026-04,13.02,77.715,NonQuickDelivery,45
2026-04,13.035,77.655,NonQuickDelivery,45
2026-04,13.02,77.535,NonQuickDelivery,44
2026-04,12.87,77.655,QuickDelivery,44
2026-04,12.975,77.535,NonQuickDelivery,43
2026-04,13.05,77.61,NonQuickDelivery,43
2026-04,13.035,77.64,NonQuickDelivery,43
2026-04,13.065,77.58,NonQuickDelivery,43
2026-04,13.02,77.67,NonQuickDelivery,43
2026-04,12.855,77.67,NonQuickDelivery,42
2026-04,13.05,77.58,NonQuickDelivery,41
2026-04,13.005,77.64,NonQuickDelivery,40
2026-04,13.02,77.7,NonQuickDelivery,39
2026-04,12.99,77.73,NonQuickDelivery,39
2026-04,12.9,77.52,NonQuickDelivery,38
2026-04,13.005,77.7,NonQuickDelivery,38
2026-04,12.915,77.7,QuickDelivery,37
2026-04,12.87,77.61,QuickDelivery,36
2026-04,12.99,77.535,NonQuickDelivery,36
2026-04,13.065,77.61,NonQuickDelivery,36
2026-04,12.96,77.73,NonQuickDelivery,36
2026-04,13.005,77.745,NonQuickDelivery,36
2026-04,12.99,77.52,NonQuickDelivery,36
2026-04,13.05,77.625,NonQuickDelivery,36
2026-04,12.975,77.715,NonQuickDelivery,36
2026-04,13.035,77.67,NonQuickDelivery,35
2026-04,12.9,77.535,NonQuickDelivery,35
2026-04,13.035,77.685,NonQuickDelivery,35
2026-04,12.84,77.64,NonQuickDelivery,35
2026-04,12.99,77.49,NonQuickDelivery,34
2026-04,13.05,77.595,NonQuickDelivery,34
2026-04,12.975,77.505,NonQuickDelivery,33
2026-04,12.915,77.505,NonQuickDelivery,33
2026-04,12.87,77.595,NonQuickDelivery,33
2026-04,12.825,77.655,NonQuickDelivery,32
2026-04,12.93,77.745,NonQuickDelivery,31
2026-04,13.065,77.565,NonQuickDelivery,31
2026-04,13.005,77.67,NonQuickDelivery,31
2026-04,13.005,77.595,NonQuickDelivery,31
2026-04,12.9,77.55,NonQuickDelivery,30
2026-04,13.005,77.61,NonQuickDelivery,30
2026-04,12.96,77.745,NonQuickDelivery,29
2026-04,12.855,77.685,NonQuickDelivery,29
2026-04,12.855,77.655,QuickDelivery,28
2026-04,12.9,77.715,NonQuickDelivery,28
2026-04,13.005,77.52,NonQuickDelivery,27
2026-04,12.945,77.685,NonQuickDelivery,27
2026-04,12.99,77.64,NonQuickDelivery,27
2026-04,12.93,77.49,NonQuickDelivery,27
2026-04,12.99,77.745,NonQuickDelivery,27
2026-04,12.885,77.58,NonQuickDelivery,26
2026-04,13.005,77.715,NonQuickDelivery,26
2026-04,12.825,77.685,NonQuickDelivery,26
2026-04,13.035,77.55,NonQuickDelivery,26
2026-04,13.035,77.7,NonQuickDelivery,25
2026-04,12.87,77.535,NonQuickDelivery,25
2026-04,12.87,77.67,QuickDelivery,25
2026-04,12.855,77.595,NonQuickDelivery,24
2026-04,13.05,77.565,NonQuickDelivery,24
2026-04,12.825,77.67,NonQuickDelivery,24
2026-04,12.93,77.73,NonQuickDelivery,24
2026-04,13.005,77.655,NonQuickDelivery,24
2026-04,13.035,77.715,NonQuickDelivery,23
2026-04,12.915,77.52,NonQuickDelivery,23
2026-04,12.84,77.67,NonQuickDelivery,23
2026-04,12.99,77.655,NonQuickDelivery,23
2026-04,12.87,77.55,NonQuickDelivery,22
2026-04,12.93,77.505,NonQuickDelivery,22
2026-04,12.885,77.565,NonQuickDelivery,22
2026-04,12.96,77.685,NonQuickDelivery,22
2026-04,12.87,77.58,NonQuickDelivery,22
2026-04,13.05,77.49,NonQuickDelivery,22
2026-04,13.005,77.505,NonQuickDelivery,22
2026-04,12.945,77.49,NonQuickDelivery,22
2026-04,13.05,77.64,NonQuickDelivery,22
2026-04,12.855,77.58,NonQuickDelivery,21
2026-04,12.96,77.67,NonQuickDelivery,20
2026-04,12.96,77.625,NonQuickDelivery,20
2026-04,12.87,77.64,QuickDelivery,20
2026-04,12.99,77.625,NonQuickDelivery,19
2026-04,12.99,77.505,NonQuickDelivery,18
2026-04,13.05,77.505,NonQuickDelivery,18
2026-04,12.945,77.73,NonQuickDelivery,17
2026-04,12.96,77.505,NonQuickDelivery,17
2026-04,12.84,77.685,NonQuickDelivery,17
2026-04,12.87,77.625,QuickDelivery,17
2026-04,13.005,77.49,NonQuickDelivery,17
2026-04,12.915,77.73,NonQuickDelivery,16
2026-04,12.93,77.52,NonQuickDelivery,16
2026-04,12.975,77.49,NonQuickDelivery,15
2026-04,12.99,77.76,NonQuickDelivery,15
2026-04,13.02,77.52,NonQuickDelivery,15
2026-04,12.915,77.49,NonQuickDelivery,14
2026-04,13.08,77.565,NonQuickDelivery,14
2026-04,13.005,77.73,NonQuickDelivery,14
2026-04,12.93,77.655,QuickDelivery,14
2026-04,13.035,77.49,NonQuickDelivery,14
2026-04,13.095,77.565,NonQuickDelivery,14
2026-04,12.885,77.685,QuickDelivery,13
2026-04,13.08,77.61,NonQuickDelivery,13
2026-04,12.885,77.535,NonQuickDelivery,13
2026-04,13.005,77.685,NonQuickDelivery,13
2026-04,12.945,77.745,NonQuickDelivery,13
2026-04,12.855,77.535,NonQuickDelivery,13
2026-04,12.96,77.49,NonQuickDelivery,13
2026-04,12.945,77.475,NonQuickDelivery,13
2026-04,13.035,77.52,NonQuickDelivery,12
2026-04,13.08,77.595,NonQuickDelivery,12
2026-04,13.065,77.625,NonQuickDelivery,12
2026-04,13.035,77.505,NonQuickDelivery,12
2026-04,13.05,77.715,NonQuickDelivery,11
2026-04,13.095,77.595,NonQuickDelivery,11
2026-04,12.87,77.565,NonQuickDelivery,11
2026-04,13.11,77.58,NonQuickDelivery,10
2026-04,12.87,77.685,NonQuickDelivery,10
2026-04,12.945,77.505,NonQuickDelivery,10
2026-04,12.945,77.64,NonQuickDelivery,10
2026-04,13.05,77.52,NonQuickDelivery,9
2026-04,13.08,77.58,NonQuickDelivery,9
2026-04,12.915,77.715,NonQuickDelivery,9
2026-04,12.855,77.61,NonQuickDelivery,9
2026-04,12.93,77.715,NonQuickDelivery,8
2026-04,12.945,77.655,NonQuickDelivery,8
2026-04,13.02,77.505,NonQuickDelivery,8
2026-04,12.945,77.67,NonQuickDelivery,8
2026-04,12.915,77.475,NonQuickDelivery,8
2026-04,13.035,77.535,NonQuickDelivery,7
2026-04,12.96,77.76,NonQuickDelivery,7
2026-04,12.84,77.625,NonQuickDelivery,6
2026-04,12.96,77.475,NonQuickDelivery,6
2026-04,12.855,77.64,NonQuickDelivery,6
2026-04,13.02,77.73,NonQuickDelivery,6
2026-04,12.9,77.505,NonQuickDelivery,5
2026-04,13.02,77.49,NonQuickDelivery,5
2026-04,12.81,77.67,NonQuickDelivery,5
2026-04,12.855,77.565,NonQuickDelivery,5
2026-04,12.945,77.76,NonQuickDelivery,5
2026-04,12.84,77.7,NonQuickDelivery,5
2026-04,12.975,77.475,NonQuickDelivery,5
2026-04,12.87,77.52,NonQuickDelivery,5
2026-04,13.005,77.475,NonQuickDelivery,4
2026-04,12.99,77.475,NonQuickDelivery,4
2026-04,13.005,77.76,NonQuickDelivery,3
2026-04,12.885,77.7,QuickDelivery,3
2026-04,12.825,77.64,NonQuickDelivery,2
2026-04,12.885,77.52,NonQuickDelivery,2
2026-04,13.05,77.7,NonQuickDelivery,2
2026-04,12.855,77.55,NonQuickDelivery,2
2026-05,12.9,77.64,NonQuickDelivery,117
2026-05,12.915,77.64,QuickDelivery,114
2026-05,12.915,77.61,NonQuickDelivery,66
2026-05,12.93,77.61,QuickDelivery,65
2026-05,12.93,77.625,QuickDelivery,56
2026-05,12.9,77.655,QuickDelivery,53
2026-05,12.93,77.67,QuickDelivery,50
2026-05,12.885,77.64,QuickDelivery,49
2026-05,12.9,77.625,QuickDelivery,48
2026-05,12.915,77.625,QuickDelivery,47
2026-05,12.9,77.67,QuickDelivery,44
2026-05,12.945,77.625,QuickDelivery,40
2026-05,12.915,77.655,QuickDelivery,40
2026-05,12.96,77.715,NonQuickDelivery,39
2026-05,12.885,77.655,QuickDelivery,36
2026-05,12.915,77.67,QuickDelivery,32
2026-05,12.93,77.64,QuickDelivery,32
2026-05,12.885,77.61,QuickDelivery,27
2026-05,12.9,77.61,QuickDelivery,25
2026-05,12.9,77.595,QuickDelivery,23
2026-05,12.93,77.7,QuickDelivery,23
2026-05,12.915,77.595,QuickDelivery,22
2026-05,13.035,77.61,NonQuickDelivery,21
2026-05,12.9,77.58,QuickDelivery,21
2026-05,12.885,77.625,QuickDelivery,21
2026-05,12.945,77.7,QuickDelivery,20
2026-05,13.035,77.565,NonQuickDelivery,20
2026-05,12.975,77.76,NonQuickDelivery,20
2026-05,12.96,77.655,NonQuickDelivery,20
2026-05,12.915,77.685,QuickDelivery,19
2026-05,12.93,77.535,NonQuickDelivery,19
2026-05,12.96,77.595,NonQuickDelivery,19
2026-05,12.93,77.685,QuickDelivery,18
2026-05,12.9,77.7,QuickDelivery,18
2026-05,13.035,77.595,NonQuickDelivery,17
2026-05,12.99,77.685,NonQuickDelivery,17
2026-05,13.02,77.625,NonQuickDelivery,16
2026-05,13.035,77.625,NonQuickDelivery,16
2026-05,13.02,77.67,NonQuickDelivery,16
2026-05,12.945,77.715,NonQuickDelivery,15
2026-05,12.945,77.565,NonQuickDelivery,15
2026-05,13.02,77.61,NonQuickDelivery,15
2026-05,12.9,77.685,QuickDelivery,15
2026-05,12.87,77.61,QuickDelivery,15
2026-05,12.885,77.595,QuickDelivery,15
2026-05,12.99,77.745,NonQuickDelivery,14
2026-05,12.885,77.67,QuickDelivery,14
2026-05,12.975,77.625,NonQuickDelivery,13
2026-05,12.93,77.55,NonQuickDelivery,13
2026-05,13.02,77.64,NonQuickDelivery,13
2026-05,12.96,77.7,NonQuickDelivery,12
2026-05,12.855,77.67,NonQuickDelivery,12
2026-05,12.87,77.64,QuickDelivery,11
2026-05,12.825,77.67,NonQuickDelivery,11
2026-05,12.87,77.655,QuickDelivery,11
2026-05,12.915,77.58,QuickDelivery,11
2026-05,12.96,77.64,NonQuickDelivery,11
2026-05,12.975,77.685,NonQuickDelivery,11
2026-05,13.05,77.64,NonQuickDelivery,10
2026-05,12.975,77.7,NonQuickDelivery,10
2026-05,12.945,77.61,NonQuickDelivery,10
2026-05,12.975,77.64,NonQuickDelivery,10
2026-05,12.975,77.715,NonQuickDelivery,9
2026-05,12.87,77.625,QuickDelivery,9
2026-05,12.93,77.595,QuickDelivery,9
2026-05,12.99,77.565,NonQuickDelivery,9
2026-05,12.99,77.67,NonQuickDelivery,8
2026-05,13.035,77.58,NonQuickDelivery,8
2026-05,13.05,77.61,NonQuickDelivery,8
2026-05,12.87,77.67,QuickDelivery,8
2026-05,12.945,77.58,NonQuickDelivery,8
2026-05,12.855,77.655,NonQuickDelivery,8
2026-05,12.855,77.58,NonQuickDelivery,8
2026-05,12.99,77.55,NonQuickDelivery,8
2026-05,12.93,77.73,NonQuickDelivery,8
2026-05,12.96,77.565,NonQuickDelivery,8
2026-05,12.945,77.595,NonQuickDelivery,8
2026-05,12.915,77.565,NonQuickDelivery,8
2026-05,12.885,77.58,NonQuickDelivery,8
2026-05,12.93,77.655,QuickDelivery,8
2026-05,13.05,77.58,NonQuickDelivery,8
2026-05,12.93,77.745,NonQuickDelivery,7
2026-05,12.885,77.55,NonQuickDelivery,7
2026-05,12.975,77.61,NonQuickDelivery,7
2026-05,12.975,77.745,NonQuickDelivery,7
2026-05,13.035,77.67,NonQuickDelivery,7
2026-05,13.005,77.55,NonQuickDelivery,7
2026-05,12.945,77.49,NonQuickDelivery,7
2026-05,13.005,77.7,NonQuickDelivery,7
2026-05,12.975,77.535,NonQuickDelivery,7
2026-05,13.05,77.595,NonQuickDelivery,7
2026-05,13.02,77.715,NonQuickDelivery,7
2026-05,12.915,77.52,NonQuickDelivery,7
2026-05,13.065,77.625,NonQuickDelivery,7
2026-05,12.885,77.565,NonQuickDelivery,7
2026-05,12.975,77.55,NonQuickDelivery,7
2026-05,12.915,77.55,NonQuickDelivery,7
2026-05,13.065,77.595,NonQuickDelivery,7
2026-05,12.975,77.58,NonQuickDelivery,7
2026-05,12.9,77.565,NonQuickDelivery,7
2026-05,13.005,77.655,NonQuickDelivery,6
2026-05,13.005,77.715,NonQuickDelivery,6
2026-05,12.96,77.745,NonQuickDelivery,6
2026-05,12.87,77.58,NonQuickDelivery,6
2026-05,13.005,77.52,NonQuickDelivery,6
2026-05,12.99,77.58,NonQuickDelivery,6
2026-05,12.975,77.73,NonQuickDelivery,6
2026-05,12.93,77.565,NonQuickDelivery,6
2026-05,12.99,77.61,NonQuickDelivery,6
2026-05,12.825,77.655,NonQuickDelivery,6
2026-05,13.035,77.64,NonQuickDelivery,6
2026-05,12.975,77.565,NonQuickDelivery,6
2026-05,13.11,77.58,NonQuickDelivery,6
2026-05,12.885,77.685,QuickDelivery,6
2026-05,13.02,77.535,NonQuickDelivery,6
2026-05,12.96,77.55,NonQuickDelivery,6
2026-05,13.035,77.655,NonQuickDelivery,6
2026-05,12.84,77.67,NonQuickDelivery,6
2026-05,12.975,77.67,NonQuickDelivery,5
2026-05,12.96,77.535,NonQuickDelivery,5
2026-05,12.945,77.535,NonQuickDelivery,5
2026-05,13.065,77.58,NonQuickDelivery,5
2026-05,12.9,77.535,NonQuickDelivery,5
2026-05,13.005,77.745,NonQuickDelivery,5
2026-05,12.915,77.535,NonQuickDelivery,5
2026-05,13.02,77.595,NonQuickDelivery,5
2026-05,13.02,77.565,NonQuickDelivery,5
2026-05,13.095,77.595,NonQuickDelivery,5
2026-05,12.9,77.52,NonQuickDelivery,5
2026-05,13.005,77.67,NonQuickDelivery,5
2026-05,12.945,77.55,NonQuickDelivery,5
2026-05,12.9,77.55,NonQuickDelivery,5
2026-05,12.87,77.595,QuickDelivery,5
2026-05,12.99,77.595,NonQuickDelivery,5
2026-05,12.96,77.73,NonQuickDelivery,5
2026-05,12.96,77.505,NonQuickDelivery,5
2026-05,13.005,77.535,NonQuickDelivery,4
2026-05,12.915,77.7,QuickDelivery,4
2026-05,12.96,77.76,NonQuickDelivery,4
2026-05,12.9,77.505,NonQuickDelivery,4
2026-05,12.84,77.655,NonQuickDelivery,4
2026-05,12.96,77.61,NonQuickDelivery,4
2026-05,12.885,77.52,NonQuickDelivery,4
2026-05,12.855,77.595,NonQuickDelivery,4
2026-05,12.99,77.535,NonQuickDelivery,4
2026-05,13.035,77.685,NonQuickDelivery,4
2026-05,12.99,77.715,NonQuickDelivery,4
2026-05,12.975,77.505,NonQuickDelivery,4
2026-05,12.945,77.52,NonQuickDelivery,4
2026-05,12.855,77.64,NonQuickDelivery,3
2026-05,13.035,77.715,NonQuickDelivery,3
2026-05,12.96,77.67,NonQuickDelivery,3
2026-05,12.93,77.715,NonQuickDelivery,3
2026-05,12.96,77.625,NonQuickDelivery,3
2026-05,12.945,77.73,NonQuickDelivery,3
2026-05,12.945,77.685,NonQuickDelivery,3
2026-05,12.87,77.55,NonQuickDelivery,3
2026-05,13.005,77.625,NonQuickDelivery,3
2026-05,13.05,77.49,NonQuickDelivery,3
2026-05,12.96,77.52,NonQuickDelivery,3
2026-05,13.05,77.625,NonQuickDelivery,3
2026-05,13.05,77.505,NonQuickDelivery,3
2026-05,12.9,77.715,NonQuickDelivery,3
2026-05,13.08,77.58,NonQuickDelivery,3
2026-05,13.005,77.49,NonQuickDelivery,3
2026-05,12.87,77.685,NonQuickDelivery,3
2026-05,13.005,77.565,NonQuickDelivery,3
2026-05,12.975,77.52,NonQuickDelivery,3
2026-05,12.855,77.535,NonQuickDelivery,3
2026-05,12.99,77.49,NonQuickDelivery,3
2026-05,13.02,77.655,NonQuickDelivery,3
2026-05,12.87,77.565,NonQuickDelivery,3
2026-05,13.02,77.55,NonQuickDelivery,3
2026-05,12.99,77.73,NonQuickDelivery,3
2026-05,13.02,77.7,NonQuickDelivery,3
2026-05,13.035,77.505,NonQuickDelivery,3
2026-05,12.93,77.52,NonQuickDelivery,3
2026-05,13.005,77.64,NonQuickDelivery,3
2026-05,12.84,77.685,NonQuickDelivery,3
2026-05,12.93,77.505,NonQuickDelivery,2
2026-05,12.855,77.685,NonQuickDelivery,2
2026-05,12.96,77.685,NonQuickDelivery,2
2026-05,13.035,77.55,NonQuickDelivery,2
2026-05,13.005,77.685,NonQuickDelivery,2
2026-05,12.915,77.505,NonQuickDelivery,2
2026-05,12.99,77.7,NonQuickDelivery,2
2026-05,12.84,77.625,NonQuickDelivery,2
2026-05,12.945,77.745,NonQuickDelivery,2
2026-05,12.855,77.61,NonQuickDelivery,2
2026-05,13.005,77.505,NonQuickDelivery,2
2026-05,13.005,77.76,NonQuickDelivery,2
2026-05,13.005,77.58,NonQuickDelivery,2
2026-05,12.99,77.76,NonQuickDelivery,2
2026-05,13.035,77.7,NonQuickDelivery,2
2026-05,12.975,77.49,NonQuickDelivery,2
2026-05,12.93,77.58,NonQuickDelivery,2
2026-05,12.99,77.64,NonQuickDelivery,2
2026-05,13.095,77.58,NonQuickDelivery,2
2026-05,13.02,77.685,NonQuickDelivery,2
2026-05,13.02,77.58,NonQuickDelivery,2
2026-05,12.93,77.49,NonQuickDelivery,2
2026-05,12.975,77.655,NonQuickDelivery,2
